,Name,Purpose
0,Name: Hall-Arias,Purpose: Synergized methodical portal for scale real-time channels
1,"Name: Taylor, Evans and Martin",Purpose: Robust bi-directional forecast for utilize magnetic action-items
2,"Name: Warren, James and Jones",Purpose: Open-source stable framework for engage efficient content
3,"Name: Hamilton, Morales and Duffy",Purpose: Devolved stable artificial intelligence for cultivate collaborative e-business
4,"Name: White, Roth and Alvarado",Purpose: Proactive bi-directional solution for grow leading-edge relationships
5,Name: Fowler-Davis,Purpose: Ameliorated encompassing interface for evolve plug-and-play deliverables
6,Name: Franklin-Lawrence,Purpose: Quality-focused dedicated middleware for drive cross-platform eyeballs
7,Name: Campbell and Sons,Purpose: Adaptive needs-based portal for evolve out-of-the-box content
8,Name: Campbell Inc,Purpose: Vision-oriented global workforce for streamline holistic partnerships
9,Name: Frederick Group,Purpose: Devolved tangible standardization for engineer ubiquitous mindshare
10,Name: Castro LLC,Purpose: Reduced scalable implementation for optimize open-source schemas
11,Name: Mcdaniel-Gordon,Purpose: Cross-group radical utilization for monetize dot-com schemas
12,"Name: Anderson, Frederick and Valentine",Purpose: Fundamental leadingedge capability for evolve customized networks
13,"Name: Washington, Serrano and Morales",Purpose: Multi-tiered methodical matrices for implement ubiquitous niches
14,Name: Cannon-Cole,Purpose: Devolved analyzing moderator for expedite bricks-and-clicks e-tailers
15,"Name: Munoz, Holmes and Padilla",Purpose: Up-sized directional collaboration for matrix efficient e-tailers
16,"Name: Arroyo, Gutierrez and Garcia",Purpose: Re-contextualized multi-state model for target distributed platforms
17,"Name: Armstrong, Rodriguez and Webb",Purpose: Configurable multimedia application for mesh distributed convergence
18,"Name: Parker, Berg and Wilson",Purpose: Upgradable optimal encryption for e-enable compelling channels
19,"Name: Owens, Martinez and Schneider",Purpose: Operative incremental open architecture for evolve B2B communities
20,Name: Walters PLC,Purpose: Re-engineered background groupware for mesh bricks-and-clicks convergence
21,"Name: Christensen, Bishop and Tanner",Purpose: Programmable multi-state conglomeration for harness enterprise action-items
22,Name: Davis PLC,Purpose: Open-source tertiary product for revolutionize efficient deliverables
23,Name: Williams-Martin,Purpose: Intuitive 4thgeneration forecast for synthesize bleeding-edge schemas
24,"Name: Moreno, Ward and Glover",Purpose: Versatile asynchronous concept for deliver 24/7 synergies
25,"Name: Gonzalez, Potts and Riddle",Purpose: Future-proofed global matrices for disintermediate wireless e-tailers
26,"Name: Hill, Young and Kelley",Purpose: Focused actuating matrix for revolutionize transparent experiences
27,Name: Hines LLC,Purpose: Organized homogeneous matrix for empower cross-platform niches
28,Name: Lawson-White,Purpose: Profit-focused eco-centric database for extend scalable bandwidth
29,Name: Hunter-Sullivan,Purpose: De-engineered attitude-oriented secured line for morph visionary content
30,"Name: Moore, Cooper and Hines",Purpose: Reverse-engineered incremental archive for embrace visionary technologies
31,Name: Garcia Ltd,Purpose: Extended grid-enabled service-desk for evolve strategic markets
32,Name: Fleming-Patton,Purpose: Self-enabling hybrid core for integrate enterprise deliverables
33,Name: Johnson Group,Purpose: Organized hybrid website for engage mission-critical interfaces
34,Name: Morris-Lam,Purpose: Horizontal discrete algorithm for syndicate front-end portals
35,Name: Lloyd Inc,Purpose: Grass-roots fresh-thinking Internet solution for strategize strategic e-business
36,"Name: Alexander, Rodriguez and Carter",Purpose: Multi-channeled cohesive contingency for enhance efficient mindshare
37,Name: Howard-Willis,Purpose: Innovative foreground budgetary management for synthesize front-end relationships
38,"Name: Harmon, Villegas and Marquez",Purpose: Decentralized transitional secured line for iterate seamless e-services
39,Name: Galvan-Thompson,Purpose: Triple-buffered scalable intranet for enable cross-platform action-items
40,Name: Mcdonald Group,Purpose: Automated tangible Graphical User Interface for whiteboard world-class metrics
41,Name: Carter Ltd,Purpose: Reactive 5thgeneration secured line for revolutionize frictionless deliverables
42,Name: Martin Ltd,Purpose: Fundamental attitude-oriented Graphical User Interface for monetize innovative partnerships
43,Name: Jacobs LLC,Purpose: Switchable client-driven complexity for incentivize wireless content
44,Name: Saunders-Ross,Purpose: Organic attitude-oriented paradigm for iterate robust e-commerce
45,"Name: Bush, Johnson and Kirby",Purpose: Ergonomic object-oriented database for utilize granular communities
46,Name: Allison Group,Purpose: Intuitive bandwidth-monitored hierarchy for disintermediate revolutionary metrics
47,Name: Miller Inc,Purpose: Cloned maximized complexity for redefine best-of-breed schemas
48,"Name: Cox, Wong and Perez",Purpose: Phased non-volatile access for engineer integrated infrastructures
49,Name: Conrad-Thompson,Purpose: User-friendly composite complexity for empower B2C metrics
